"Date Printed: Friday, April 24, 2026 6:16:09 PM"
Title: "Chlamydia | 2008 | 2009 | 2010 | 2011 | 2012 | 2013 | 2014 | 2015 | 2016 | 2017 | 2018 | Alabama | Alaska | Arizona | Arkansas | California | Colorado | Connecticut | Delaware | District of Columbia | Florida | Georgia | Hawaii | Idaho | Illinois | Indiana | Iowa | Kansas | Kentucky | Louisiana | Maine | Maryland | Massachusetts | Michigan | Minnesota | Mississippi | Missouri | Montana | Nebraska | Nevada | New Hampshire | New Jersey | New Mexico | New York | North Carolina | North Dakota | Ohio | Oklahoma | Oregon | Pennsylvania | Rhode Island | South Carolina | South Dakota | Tennessee | Texas | Utah | Vermont | Virginia | Washington | West Virginia | Wisconsin | Wyoming | All races/ethnicities | Female | All age groups""
Footnote(s): 
   NA - Not Applicable.



Indicator,Year,Geography,FIPS,Cases,Rate per 100000
"Chlamydia","2008","Alabama","01","18,744","778.2"
"Chlamydia","2009","Alabama","01","19,413","800.8"
"Chlamydia","2010","Alabama","01","20,030","813.4"
"Chlamydia","2011","Alabama","01","21,217","858.7"
"Chlamydia","2012","Alabama","01","22,099","891.1"
"Chlamydia","2013","Alabama","01","21,096","848.0"
"Chlamydia","2014","Alabama","01","20,619","826.5"
"Chlamydia","2015","Alabama","01","18,674","746.7"
"Chlamydia","2016","Alabama","01","19,131","762.8"
"Chlamydia","2017","Alabama","01","20,993","834.4"
"Chlamydia","2018","Alabama","01","19,537","773.9"
"Chlamydia","2008","Alaska","02","3,253","995.0"
"Chlamydia","2009","Alaska","02","3,364","1006.8"
"Chlamydia","2010","Alaska","02","3,960","1156.8"
"Chlamydia","2011","Alaska","02","3,801","1097.5"
"Chlamydia","2012","Alaska","02","3,670","1049.7"
"Chlamydia","2013","Alaska","02","3,899","1109.4"
"Chlamydia","2014","Alaska","02","3,940","1123.4"
"Chlamydia","2015","Alaska","02","3,786","1077.8"
"Chlamydia","2016","Alaska","02","3,807","1077.2"
"Chlamydia","2017","Alaska","02","3,941","1115.1"
"Chlamydia","2018","Alaska","02","3,965","1127.4"
"Chlamydia","2008","Arizona","04","18,358","567.5"
"Chlamydia","2009","Arizona","04","19,097","582.6"
"Chlamydia","2010","Arizona","04","19,529","605.9"
"Chlamydia","2011","Arizona","04","21,196","651.2"
"Chlamydia","2012","Arizona","04","22,087","670.1"
"Chlamydia","2013","Arizona","04","21,950","657.9"
"Chlamydia","2014","Arizona","04","22,747","672.1"
"Chlamydia","2015","Arizona","04","22,299","649.4"
"Chlamydia","2016","Arizona","04","23,693","678.7"
"Chlamydia","2017","Arizona","04","26,453","746.6"
"Chlamydia","2018","Arizona","04","26,717","742.0"
"Chlamydia","2008","Arkansas","05","10,643","728.4"
"Chlamydia","2009","Arkansas","05","10,689","726.7"
"Chlamydia","2010","Arkansas","05","11,303","760.0"
"Chlamydia","2011","Arkansas","05","11,921","796.6"
"Chlamydia","2012","Arkansas","05","12,247","815.4"
"Chlamydia","2013","Arkansas","05","11,334","752.6"
"Chlamydia","2014","Arkansas","05","11,625","769.8"
"Chlamydia","2015","Arkansas","05","12,088","797.9"
"Chlamydia","2016","Arkansas","05","12,216","803.2"
"Chlamydia","2017","Arkansas","05","12,453","815.7"
"Chlamydia","2018","Arkansas","05","12,513","817.0"
"Chlamydia","2008","California","06","104,201","571.1"
"Chlamydia","2009","California","06","101,716","552.4"
"Chlamydia","2010","California","06","102,645","546.8"
"Chlamydia","2011","California","06","114,657","605.3"
"Chlamydia","2012","California","06","114,396","598.9"
"Chlamydia","2013","California","06","112,460","583.9"
"Chlamydia","2014","California","06","115,339","593.7"
"Chlamydia","2015","California","06","121,387","619.8"
"Chlamydia","2016","California","06","123,906","628.8"
"Chlamydia","2017","California","06","135,040","682.2"
"Chlamydia","2018","California","06","142,006","715.6"
"Chlamydia","2008","Colorado","08","13,825","565.4"
"Chlamydia","2009","Colorado","08","14,765","593.6"
"Chlamydia","2010","Colorado","08","14,188","563.5"
"Chlamydia","2011","Colorado","08","15,751","616.6"
"Chlamydia","2012","Colorado","08","15,476","597.7"
"Chlamydia","2013","Colorado","08","14,336","545.9"
"Chlamydia","2014","Colorado","08","14,906","559.5"
"Chlamydia","2015","Colorado","08","16,151","595.8"
"Chlamydia","2016","Colorado","08","16,945","615.6"
"Chlamydia","2017","Colorado","08","17,251","619.1"
"Chlamydia","2018","Colorado","08","18,474","653.8"
"Chlamydia","2008","Connecticut","09","9,239","516.0"
"Chlamydia","2009","Connecticut","09","8,937","497.7"
"Chlamydia","2010","Connecticut","09","9,223","502.1"
"Chlamydia","2011","Connecticut","09","9,824","533.7"
"Chlamydia","2012","Connecticut","09","9,464","513.4"
"Chlamydia","2013","Connecticut","09","9,210","499.8"
"Chlamydia","2014","Connecticut","09","9,512","516.5"
"Chlamydia","2015","Connecticut","09","9,089","494.7"
"Chlamydia","2016","Connecticut","09","9,495","518.0"
"Chlamydia","2017","Connecticut","09","11,487","627.6"
"Chlamydia","2018","Connecticut","09","10,751","587.7"
"Chlamydia","2008","Delaware","10","2,789","620.4"
"Chlamydia","2009","Delaware","10","3,573","788.1"
"Chlamydia","2010","Delaware","10","3,296","710.4"
"Chlamydia","2011","Delaware","10","3,191","681.6"
"Chlamydia","2012","Delaware","10","3,181","674.0"
"Chlamydia","2013","Delaware","10","3,714","779.3"
"Chlamydia","2014","Delaware","10","3,084","641.0"
"Chlamydia","2015","Delaware","10","3,118","642.1"
"Chlamydia","2016","Delaware","10","3,678","750.6"
"Chlamydia","2017","Delaware","10","3,562","720.7"
"Chlamydia","2018","Delaware","10","3,992","800.6"
"Chlamydia","2008","District of Columbia","11","4,438","1428.5"
"Chlamydia","2009","District of Columbia","11","4,153","1314.7"
"Chlamydia","2010","District of Columbia","11","3,782","1184.6"
"Chlamydia","2011","District of Columbia","11","4,357","1334.9"
"Chlamydia","2012","District of Columbia","11","4,426","1323.6"
"Chlamydia","2013","District of Columbia","11","3,992","1167.3"
"Chlamydia","2014","District of Columbia","11","3,709","1066.4"
"Chlamydia","2015","District of Columbia","11","4,632","1304.4"
"Chlamydia","2016","District of Columbia","11","4,018","1115.0"
"Chlamydia","2017","District of Columbia","11","4,754","1301.4"
"Chlamydia","2018","District of Columbia","11","4,812","1305.3"
"Chlamydia","2008","Florida","12","52,206","559.1"
"Chlamydia","2009","Florida","12","52,747","562.1"
"Chlamydia","2010","Florida","12","53,318","553.5"
"Chlamydia","2011","Florida","12","54,262","557.4"
"Chlamydia","2012","Florida","12","55,628","564.0"
"Chlamydia","2013","Florida","12","56,688","567.5"
"Chlamydia","2014","Florida","12","58,800","579.8"
"Chlamydia","2015","Florida","12","62,048","600.9"
"Chlamydia","2016","Florida","12","63,415","602.0"
"Chlamydia","2017","Florida","12","66,173","617.6"
"Chlamydia","2018","Florida","12","68,509","630.9"
"Chlamydia","2008","Georgia","13","31,515","640.0"
"Chlamydia","2009","Georgia","13","29,074","583.4"
"Chlamydia","2010","Georgia","13","32,863","661.1"
"Chlamydia","2011","Georgia","13","39,829","794.1"
"Chlamydia","2012","Georgia","13","37,456","739.2"
"Chlamydia","2013","Georgia","13","36,559","715.7"
"Chlamydia","2014","Georgia","13","36,871","714.5"
"Chlamydia","2015","Georgia","13","40,302","772.0"
"Chlamydia","2016","Georgia","13","43,377","820.5"
"Chlamydia","2017","Georgia","13","44,080","824.7"
"Chlamydia","2018","Georgia","13","43,903","813.1"
"Chlamydia","2008","Hawaii","15","4,422","698.7"
"Chlamydia","2009","Hawaii","15","4,399","690.8"
"Chlamydia","2010","Hawaii","15","4,340","637.6"
"Chlamydia","2011","Hawaii","15","4,314","626.7"
"Chlamydia","2012","Hawaii","15","4,452","640.2"
"Chlamydia","2013","Hawaii","15","4,646","662.5"
"Chlamydia","2014","Hawaii","15","4,469","634.9"
"Chlamydia","2015","Hawaii","15","4,720","667.3"
"Chlamydia","2016","Hawaii","15","4,480","630.8"
"Chlamydia","2017","Hawaii","15","4,424","623.1"
"Chlamydia","2018","Hawaii","15","4,811","678.3"
"Chlamydia","2008","Idaho","16","3,048","401.8"
"Chlamydia","2009","Idaho","16","2,768","360.4"
"Chlamydia","2010","Idaho","16","3,014","384.5"
"Chlamydia","2011","Idaho","16","3,345","423.0"
"Chlamydia","2012","Idaho","16","3,206","402.5"
"Chlamydia","2013","Idaho","16","3,885","483.1"
"Chlamydia","2014","Idaho","16","3,895","478.6"
"Chlamydia","2015","Idaho","16","3,963","481.0"
"Chlamydia","2016","Idaho","16","4,022","479.0"
"Chlamydia","2017","Idaho","16","4,198","489.7"
"Chlamydia","2018","Idaho","16","4,452","509.8"
"Chlamydia","2008","Illinois","17","43,112","661.8"
"Chlamydia","2009","Illinois","17","44,560","681.2"
"Chlamydia","2010","Illinois","17","44,598","681.6"
"Chlamydia","2011","Illinois","17","46,728","712.8"
"Chlamydia","2012","Illinois","17","48,575","740.2"
"Chlamydia","2013","Illinois","17","45,764","697.0"
"Chlamydia","2014","Illinois","17","46,516","709.1"
"Chlamydia","2015","Illinois","17","47,268","722.2"
"Chlamydia","2016","Illinois","17","48,128","737.8"
"Chlamydia","2017","Illinois","17","49,336","758.9"
"Chlamydia","2018","Illinois","17","49,746","768.7"
"Chlamydia","2008","Indiana","18","16,513","509.9"
"Chlamydia","2009","Indiana","18","16,150","496.4"
"Chlamydia","2010","Indiana","18","16,344","495.7"
"Chlamydia","2011","Indiana","18","20,065","606.2"
"Chlamydia","2012","Indiana","18","21,633","651.8"
"Chlamydia","2013","Indiana","18","20,307","609.2"
"Chlamydia","2014","Indiana","18","20,586","615.4"
"Chlamydia","2015","Indiana","18","20,385","608.2"
"Chlamydia","2016","Indiana","18","21,664","644.0"
"Chlamydia","2017","Indiana","18","23,595","698.8"
"Chlamydia","2018","Indiana","18","23,768","700.3"
"Chlamydia","2008","Iowa","19","6,882","454.1"
"Chlamydia","2009","Iowa","19","6,785","446.0"
"Chlamydia","2010","Iowa","19","7,612","494.3"
"Chlamydia","2011","Iowa","19","7,647","494.5"
"Chlamydia","2012","Iowa","19","8,194","528.5"
"Chlamydia","2013","Iowa","19","7,895","506.7"
"Chlamydia","2014","Iowa","19","8,385","535.7"
"Chlamydia","2015","Iowa","19","8,372","533.3"
"Chlamydia","2016","Iowa","19","8,872","563.6"
"Chlamydia","2017","Iowa","19","9,261","586.7"
"Chlamydia","2018","Iowa","19","9,793","619.2"
"Chlamydia","2008","Kansas","20","7,401","526.1"
"Chlamydia","2009","Kansas","20","8,209","579.0"
"Chlamydia","2010","Kansas","20","7,449","517.3"
"Chlamydia","2011","Kansas","20","8,158","564.5"
"Chlamydia","2012","Kansas","20","8,440","581.5"
"Chlamydia","2013","Kansas","20","8,323","572.5"
"Chlamydia","2014","Kansas","20","8,276","568.4"
"Chlamydia","2015","Kansas","20","8,325","570.3"
"Chlamydia","2016","Kansas","20","8,688","594.8"
"Chlamydia","2017","Kansas","20","9,472","649.0"
"Chlamydia","2018","Kansas","20","9,794","670.6"
"Chlamydia","2008","Kentucky","21","8,622","394.3"
"Chlamydia","2009","Kentucky","21","9,621","438.2"
"Chlamydia","2010","Kentucky","21","11,859","536.9"
"Chlamydia","2011","Kentucky","21","11,990","540.1"
"Chlamydia","2012","Kentucky","21","12,366","555.3"
"Chlamydia","2013","Kentucky","21","12,086","540.8"
"Chlamydia","2014","Kentucky","21","12,404","553.7"
"Chlamydia","2015","Kentucky","21","12,140","540.7"
"Chlamydia","2016","Kentucky","21","12,345","548.2"
"Chlamydia","2017","Kentucky","21","13,035","577.1"
"Chlamydia","2018","Kentucky","21","13,055","576.7"
"Chlamydia","2008","Louisiana","22","17,260","755.4"
"Chlamydia","2009","Louisiana","22","20,719","899.5"
"Chlamydia","2010","Louisiana","22","20,564","886.4"
"Chlamydia","2011","Louisiana","22","23,390","1001.2"
"Chlamydia","2012","Louisiana","22","20,507","872.8"
"Chlamydia","2013","Louisiana","22","21,258","900.2"
"Chlamydia","2014","Louisiana","22","21,297","898.1"
"Chlamydia","2015","Louisiana","22","23,351","980.4"
"Chlamydia","2016","Louisiana","22","22,942","959.8"
"Chlamydia","2017","Louisiana","22","24,544","1027.4"
"Chlamydia","2018","Louisiana","22","25,225","1057.5"
"Chlamydia","2008","Maine","23","1,847","274.2"
"Chlamydia","2009","Maine","23","1,705","253.5"
"Chlamydia","2010","Maine","23","1,814","267.6"
"Chlamydia","2011","Maine","23","2,149","317.0"
"Chlamydia","2012","Maine","23","2,420","357.1"
"Chlamydia","2013","Maine","23","2,404","354.9"
"Chlamydia","2014","Maine","23","2,478","365.0"
"Chlamydia","2015","Maine","23","2,735","403.5"
"Chlamydia","2016","Maine","23","2,795","411.4"
"Chlamydia","2017","Maine","23","2,959","434.5"
"Chlamydia","2018","Maine","23","2,854","417.6"
"Chlamydia","2008","Maryland","24","19,337","665.5"
"Chlamydia","2009","Maryland","24","18,782","642.3"
"Chlamydia","2010","Maryland","24","19,827","663.4"
"Chlamydia","2011","Maryland","24","20,004","663.9"
"Chlamydia","2012","Maryland","24","19,295","635.7"
"Chlamydia","2013","Maryland","24","19,049","623.9"
"Chlamydia","2014","Maryland","24","19,162","624.0"
"Chlamydia","2015","Maryland","24","18,612","603.3"
"Chlamydia","2016","Maryland","24","20,145","651.2"
"Chlamydia","2017","Maryland","24","21,957","707.3"
"Chlamydia","2018","Maryland","24","22,912","736.4"
"Chlamydia","2008","Massachusetts","25","12,646","376.2"
"Chlamydia","2009","Massachusetts","25","13,786","407.4"
"Chlamydia","2010","Massachusetts","25","14,753","435.2"
"Chlamydia","2011","Massachusetts","25","15,744","461.4"
"Chlamydia","2012","Massachusetts","25","16,319","475.1"
"Chlamydia","2013","Massachusetts","25","15,851","458.1"
"Chlamydia","2014","Massachusetts","25","14,000","401.9"
"Chlamydia","2015","Massachusetts","25","15,588","445.4"
"Chlamydia","2016","Massachusetts","25","17,299","492.4"
"Chlamydia","2017","Massachusetts","25","18,716","530.1"
"Chlamydia","2018","Massachusetts","25","19,096","539.0"
"Chlamydia","2008","Michigan","26","33,719","664.2"
"Chlamydia","2009","Michigan","26","33,860","669.9"
"Chlamydia","2010","Michigan","26","36,431","723.9"
"Chlamydia","2011","Michigan","26","36,367","722.4"
"Chlamydia","2012","Michigan","26","34,510","685.0"
"Chlamydia","2013","Michigan","26","32,056","635.5"
"Chlamydia","2014","Michigan","26","31,470","623.2"
"Chlamydia","2015","Michigan","26","32,425","642.4"
"Chlamydia","2016","Michigan","26","31,497","623.2"
"Chlamydia","2017","Michigan","26","34,120","673.9"
"Chlamydia","2018","Michigan","26","33,687","664.7"
"Chlamydia","2008","Minnesota","27","10,266","390.7"
"Chlamydia","2009","Minnesota","27","10,204","386.1"
"Chlamydia","2010","Minnesota","27","10,965","409.9"
"Chlamydia","2011","Minnesota","27","11,827","439.4"
"Chlamydia","2012","Minnesota","27","12,568","464.5"
"Chlamydia","2013","Minnesota","27","12,950","475.5"
"Chlamydia","2014","Minnesota","27","13,484","491.9"
"Chlamydia","2015","Minnesota","27","14,112","512.2"
"Chlamydia","2016","Minnesota","27","14,967","539.6"
"Chlamydia","2017","Minnesota","27","15,338","548.8"
"Chlamydia","2018","Minnesota","27","15,021","533.8"
"Chlamydia","2008","Mississippi","28","16,323","1078.7"
"Chlamydia","2009","Mississippi","28","17,829","1173.8"
"Chlamydia","2010","Mississippi","28","15,958","1044.8"
"Chlamydia","2011","Mississippi","28","15,697","1025.0"
"Chlamydia","2012","Mississippi","28","16,771","1093.2"
"Chlamydia","2013","Mississippi","28","12,676","825.1"
"Chlamydia","2014","Mississippi","28","14,008","910.7"
"Chlamydia","2015","Mississippi","28","12,335","801.7"
"Chlamydia","2016","Mississippi","28","14,123","917.9"
"Chlamydia","2017","Mississippi","28","14,740","957.9"
"Chlamydia","2018","Mississippi","28","15,325","998.0"
"Chlamydia","2008","Missouri","29","18,116","595.4"
"Chlamydia","2009","Missouri","29","18,825","615.9"
"Chlamydia","2010","Missouri","29","18,867","616.8"
"Chlamydia","2011","Missouri","29","20,097","655.6"
"Chlamydia","2012","Missouri","29","19,745","642.8"
"Chlamydia","2013","Missouri","29","19,303","627.1"
"Chlamydia","2014","Missouri","29","19,549","633.6"
"Chlamydia","2015","Missouri","29","19,926","644.4"
"Chlamydia","2016","Missouri","29","20,757","669.7"
"Chlamydia","2017","Missouri","29","21,701","698.0"
"Chlamydia","2018","Missouri","29","22,787","731.1"
"Chlamydia","2008","Montana","30","2,227","461.3"
"Chlamydia","2009","Montana","30","2,134","439.1"
"Chlamydia","2010","Montana","30","2,194","444.6"
"Chlamydia","2011","Montana","30","2,390","481.0"
"Chlamydia","2012","Montana","30","2,655","531.2"
"Chlamydia","2013","Montana","30","2,701","535.7"
"Chlamydia","2014","Montana","30","2,878","566.6"
"Chlamydia","2015","Montana","30","2,846","556.1"
"Chlamydia","2016","Montana","30","2,962","573.1"
"Chlamydia","2017","Montana","30","3,030","579.7"
"Chlamydia","2018","Montana","30","3,206","608.6"
"Chlamydia","2008","Nebraska","31","4,123","459.7"
"Chlamydia","2009","Nebraska","31","3,884","429.8"
"Chlamydia","2010","Nebraska","31","3,561","386.5"
"Chlamydia","2011","Nebraska","31","4,783","516.2"
"Chlamydia","2012","Nebraska","31","4,628","496.4"
"Chlamydia","2013","Nebraska","31","4,945","527.6"
"Chlamydia","2014","Nebraska","31","5,110","541.6"
"Chlamydia","2015","Nebraska","31","5,409","570.2"
"Chlamydia","2016","Nebraska","31","5,527","578.7"
"Chlamydia","2017","Nebraska","31","5,660","589.8"
"Chlamydia","2018","Nebraska","31","5,233","542.7"
"Chlamydia","2008","Nevada","32","7,131","557.2"
"Chlamydia","2009","Nevada","32","7,112","550.0"
"Chlamydia","2010","Nevada","32","6,897","515.4"
"Chlamydia","2011","Nevada","32","7,215","536.4"
"Chlamydia","2012","Nevada","32","7,628","560.4"
"Chlamydia","2013","Nevada","32","8,183","593.6"
"Chlamydia","2014","Nevada","32","8,039","573.9"
"Chlamydia","2015","Nevada","32","8,743","612.8"
"Chlamydia","2016","Nevada","32","9,849","678.0"
"Chlamydia","2017","Nevada","32","10,473","707.8"
"Chlamydia","2018","Nevada","32","11,057","732.8"
"Chlamydia","2008","New Hampshire","33","1,548","231.5"
"Chlamydia","2009","New Hampshire","33","1,542","230.4"
"Chlamydia","2010","New Hampshire","33","1,808","271.0"
"Chlamydia","2011","New Hampshire","33","2,184","326.5"
"Chlamydia","2012","New Hampshire","33","2,150","320.6"
"Chlamydia","2013","New Hampshire","33","2,187","325.7"
"Chlamydia","2014","New Hampshire","33","2,452","363.7"
"Chlamydia","2015","New Hampshire","33","2,089","309.5"
"Chlamydia","2016","New Hampshire","33","2,316","341.8"
"Chlamydia","2017","New Hampshire","33","2,917","428.3"
"Chlamydia","2018","New Hampshire","33","2,474","362.4"
"Chlamydia","2008","New Jersey","34","18,001","408.3"
"Chlamydia","2009","New Jersey","34","18,757","424.0"
"Chlamydia","2010","New Jersey","34","20,128","445.7"
"Chlamydia","2011","New Jersey","34","19,886","439.2"
"Chlamydia","2012","New Jersey","34","20,231","446.2"
"Chlamydia","2013","New Jersey","34","20,771","457.7"
"Chlamydia","2014","New Jersey","34","21,556","474.7"
"Chlamydia","2015","New Jersey","34","22,274","490.4"
"Chlamydia","2016","New Jersey","34","24,021","529.0"
"Chlamydia","2017","New Jersey","34","23,811","523.7"
"Chlamydia","2018","New Jersey","34","24,688","543.1"
"Chlamydia","2008","New Mexico","35","6,986","697.1"
"Chlamydia","2009","New Mexico","35","6,987","689.9"
"Chlamydia","2010","New Mexico","35","8,718","834.8"
"Chlamydia","2011","New Mexico","35","8,309","789.6"
"Chlamydia","2012","New Mexico","35","8,724","827.2"
"Chlamydia","2013","New Mexico","35","9,033","855.0"
"Chlamydia","2014","New Mexico","35","8,395","795.9"
"Chlamydia","2015","New Mexico","35","9,227","874.7"
"Chlamydia","2016","New Mexico","35","9,306","881.2"
"Chlamydia","2017","New Mexico","35","9,328","883.0"
"Chlamydia","2018","New Mexico","35","9,683","915.9"
"Chlamydia","2008","New York","36","61,280","612.7"
"Chlamydia","2009","New York","36","63,882","637.4"
"Chlamydia","2010","New York","36","68,693","686.2"
"Chlamydia","2011","New York","36","70,466","700.7"
"Chlamydia","2012","New York","36","68,337","677.4"
"Chlamydia","2013","New York","36","64,454","637.5"
"Chlamydia","2014","New York","36","65,114","643.3"
"Chlamydia","2015","New York","36","66,164","653.8"
"Chlamydia","2016","New York","36","67,602","669.1"
"Chlamydia","2017","New York","36","70,379","698.3"
"Chlamydia","2018","New York","36","70,348","700.2"
"Chlamydia","2008","North Carolina","37","30,693","652.1"
"Chlamydia","2009","North Carolina","37","33,002","691.6"
"Chlamydia","2010","North Carolina","37","33,836","689.9"
"Chlamydia","2011","North Carolina","37","42,992","868.3"
"Chlamydia","2012","North Carolina","37","39,140","782.8"
"Chlamydia","2013","North Carolina","37","37,146","735.7"
"Chlamydia","2014","North Carolina","37","35,494","696.3"
"Chlamydia","2015","North Carolina","37","47,178","916.6"
"Chlamydia","2016","North Carolina","37","41,085","788.4"
"Chlamydia","2017","North Carolina","37","43,580","826.8"
"Chlamydia","2018","North Carolina","37","45,450","852.5"
"Chlamydia","2008","North Dakota","38","1,291","405.4"
"Chlamydia","2009","North Dakota","38","1,297","404.1"
"Chlamydia","2010","North Dakota","38","1,577","472.7"
"Chlamydia","2011","North Dakota","38","1,603","474.2"
"Chlamydia","2012","North Dakota","38","1,898","550.5"
"Chlamydia","2013","North Dakota","38","1,923","544.1"
"Chlamydia","2014","North Dakota","38","2,202","612.2"
"Chlamydia","2015","North Dakota","38","2,028","552.8"
"Chlamydia","2016","North Dakota","38","2,187","595.2"
"Chlamydia","2017","North Dakota","38","2,127","577.6"
"Chlamydia","2018","North Dakota","38","2,303","622.4"
"Chlamydia","2008","Ohio","39","35,021","593.8"
"Chlamydia","2009","Ohio","39","36,724","622.7"
"Chlamydia","2010","Ohio","39","38,636","654.3"
"Chlamydia","2011","Ohio","39","38,914","658.9"
"Chlamydia","2012","Ohio","39","38,879","658.6"
"Chlamydia","2013","Ohio","39","38,293","647.6"
"Chlamydia","2014","Ohio","39","39,033","658.9"
"Chlamydia","2015","Ohio","39","39,825","671.7"
"Chlamydia","2016","Ohio","39","41,797","704.3"
"Chlamydia","2017","Ohio","39","42,132","708.6"
"Chlamydia","2018","Ohio","39","42,674","716.7"
"Chlamydia","2008","Oklahoma","40","11,117","603.9"
"Chlamydia","2009","Oklahoma","40","11,101","596.1"
"Chlamydia","2010","Oklahoma","40","10,297","542.1"
"Chlamydia","2011","Oklahoma","40","10,349","540.7"
"Chlamydia","2012","Oklahoma","40","12,341","640.1"
"Chlamydia","2013","Oklahoma","40","13,065","672.0"
"Chlamydia","2014","Oklahoma","40","14,855","759.2"
"Chlamydia","2015","Oklahoma","40","14,904","755.7"
"Chlamydia","2016","Oklahoma","40","14,933","753.9"
"Chlamydia","2017","Oklahoma","40","15,183","765.5"
"Chlamydia","2018","Oklahoma","40","15,282","768.7"
"Chlamydia","2008","Oregon","41","7,433","390.2"
"Chlamydia","2009","Oregon","41","8,136","422.6"
"Chlamydia","2010","Oregon","41","8,565","441.9"
"Chlamydia","2011","Oregon","41","9,489","485.0"
"Chlamydia","2012","Oregon","41","9,425","478.6"
"Chlamydia","2013","Oregon","41","9,932","501.3"
"Chlamydia","2014","Oregon","41","10,545","526.9"
"Chlamydia","2015","Oregon","41","11,075","546.4"
"Chlamydia","2016","Oregon","41","11,542","559.4"
"Chlamydia","2017","Oregon","41","12,203","584.0"
"Chlamydia","2018","Oregon","41","12,567","595.9"
"Chlamydia","2008","Pennsylvania","42","30,509","473.8"
"Chlamydia","2009","Pennsylvania","42","30,335","470.2"
"Chlamydia","2010","Pennsylvania","42","33,175","509.2"
"Chlamydia","2011","Pennsylvania","42","36,463","558.6"
"Chlamydia","2012","Pennsylvania","42","37,569","575.1"
"Chlamydia","2013","Pennsylvania","42","35,657","546.0"
"Chlamydia","2014","Pennsylvania","42","34,170","522.9"
"Chlamydia","2015","Pennsylvania","42","35,201","539.2"
"Chlamydia","2016","Pennsylvania","42","37,030","567.6"
"Chlamydia","2017","Pennsylvania","42","36,201","554.7"
"Chlamydia","2018","Pennsylvania","42","37,938","581.0"
"Chlamydia","2008","Rhode Island","44","2,400","441.8"
"Chlamydia","2009","Rhode Island","44","2,603","480.0"
"Chlamydia","2010","Rhode Island","44","2,478","454.9"
"Chlamydia","2011","Rhode Island","44","2,984","548.6"
"Chlamydia","2012","Rhode Island","44","3,091","568.2"
"Chlamydia","2013","Rhode Island","44","3,044","559.7"
"Chlamydia","2014","Rhode Island","44","3,037","558.5"
"Chlamydia","2015","Rhode Island","44","3,064","564.1"
"Chlamydia","2016","Rhode Island","44","3,278","603.6"
"Chlamydia","2017","Rhode Island","44","3,454","636.8"
"Chlamydia","2018","Rhode Island","44","3,584","659.5"
"Chlamydia","2008","South Carolina","45","20,492","889.4"
"Chlamydia","2009","South Carolina","45","21,124","905.5"
"Chlamydia","2010","South Carolina","45","20,842","875.4"
"Chlamydia","2011","South Carolina","45","22,278","927.9"
"Chlamydia","2012","South Carolina","45","20,497","845.3"
"Chlamydia","2013","South Carolina","45","19,103","780.0"
"Chlamydia","2014","South Carolina","45","20,581","829.6"
"Chlamydia","2015","South Carolina","45","19,743","784.7"
"Chlamydia","2016","South Carolina","45","19,783","775.4"
"Chlamydia","2017","South Carolina","45","22,343","864.2"
"Chlamydia","2018","South Carolina","45","22,822","870.9"
"Chlamydia","2008","South Dakota","46","2,185","543.0"
"Chlamydia","2009","South Dakota","46","2,214","546.1"
"Chlamydia","2010","South Dakota","46","2,300","564.1"
"Chlamydia","2011","South Dakota","46","2,491","607.2"
"Chlamydia","2012","South Dakota","46","2,801","675.8"
"Chlamydia","2013","South Dakota","46","2,793","667.3"
"Chlamydia","2014","South Dakota","46","2,942","697.7"
"Chlamydia","2015","South Dakota","46","2,831","668.1"
"Chlamydia","2016","South Dakota","46","3,072","718.1"
"Chlamydia","2017","South Dakota","46","3,094","715.8"
"Chlamydia","2018","South Dakota","46","3,008","691.2"
"Chlamydia","2008","Tennessee","47","20,479","640.5"
"Chlamydia","2009","Tennessee","47","21,655","672.2"
"Chlamydia","2010","Tennessee","47","20,559","631.1"
"Chlamydia","2011","Tennessee","47","22,200","676.7"
"Chlamydia","2012","Tennessee","47","22,732","687.3"
"Chlamydia","2013","Tennessee","47","21,057","632.8"
"Chlamydia","2014","Tennessee","47","21,203","632.8"
"Chlamydia","2015","Tennessee","47","21,112","625.3"
"Chlamydia","2016","Tennessee","47","21,714","637.9"
"Chlamydia","2017","Tennessee","47","23,348","679.7"
"Chlamydia","2018","Tennessee","47","25,151","725.5"
"Chlamydia","2008","Texas","48","79,002","649.7"
"Chlamydia","2009","Texas","48","82,551","666.2"
"Chlamydia","2010","Texas","48","92,847","729.8"
"Chlamydia","2011","Texas","48","95,326","737.5"
"Chlamydia","2012","Texas","48","96,405","733.6"
"Chlamydia","2013","Texas","48","96,923","726.7"
"Chlamydia","2014","Texas","48","96,959","714.1"
"Chlamydia","2015","Texas","48","102,141","738.7"
"Chlamydia","2016","Texas","48","101,618","723.3"
"Chlamydia","2017","Texas","48","105,995","744.4"
"Chlamydia","2018","Texas","48","100,417","696.9"
"Chlamydia","2008","Utah","49","3,982","294.4"
"Chlamydia","2009","Utah","49","4,019","291.3"
"Chlamydia","2010","Utah","49","4,473","323.8"
"Chlamydia","2011","Utah","49","4,821","344.2"
"Chlamydia","2012","Utah","49","5,149","362.9"
"Chlamydia","2013","Utah","49","5,050","350.6"
"Chlamydia","2014","Utah","49","5,414","370.9"
"Chlamydia","2015","Utah","49","5,704","385.0"
"Chlamydia","2016","Utah","49","6,031","399.2"
"Chlamydia","2017","Utah","49","6,606","429.2"
"Chlamydia","2018","Utah","49","6,808","434.9"
"Chlamydia","2011","Vermont","50","1,106","347.9"
"Chlamydia","2012","Vermont","50","1,296","408.4"
"Chlamydia","2013","Vermont","50","1,319","415.8"
"Chlamydia","2014","Vermont","50","1,613","509.3"
"Chlamydia","2015","Vermont","50","1,352","427.1"
"Chlamydia","2016","Vermont","50","1,171","371.0"
"Chlamydia","2017","Vermont","50","1,242","393.0"
"Chlamydia","2018","Vermont","50","1,171","370.5"
"Chlamydia","2010","Vermont","50","910","286.5"
"Chlamydia","2010","Virginia","51","22,348","547.0"
"Chlamydia","2010","Washington","53","15,634","461.9"
"Chlamydia","2010","West Virginia","54","2,832","301.3"
"Chlamydia","2010","Wisconsin","55","16,657","581.1"
"Chlamydia","2009","Vermont","50","889","282.1"
"Chlamydia","2008","Vermont","50","896","284.4"
"Chlamydia","2008","Virginia","51","23,172","586.6"
"Chlamydia","2009","Virginia","51","22,390","561.0"
"Chlamydia","2011","Virginia","51","26,283","637.5"
"Chlamydia","2012","Virginia","51","24,670","592.5"
"Chlamydia","2013","Virginia","51","23,167","552.1"
"Chlamydia","2014","Virginia","51","24,754","586.0"
"Chlamydia","2015","Virginia","51","23,859","561.7"
"Chlamydia","2016","Virginia","51","26,146","612.0"
"Chlamydia","2017","Virginia","51","27,606","642.3"
"Chlamydia","2018","Virginia","51","27,849","644.9"
"Chlamydia","2008","Washington","53","15,581","474.1"
"Chlamydia","2009","Washington","53","15,741","471.8"
"Chlamydia","2011","Washington","53","16,641","486.0"
"Chlamydia","2012","Washington","53","17,271","499.4"
"Chlamydia","2013","Washington","53","17,452","500.1"
"Chlamydia","2014","Washington","53","18,193","515.1"
"Chlamydia","2015","Washington","53","19,047","531.3"
"Chlamydia","2016","Washington","53","20,276","555.9"
"Chlamydia","2017","Washington","53","20,515","553.0"
"Chlamydia","2018","Washington","53","21,432","570.2"
"Chlamydia","2008","West Virginia","54","2,490","269.2"
"Chlamydia","2009","West Virginia","54","2,684","289.7"
"Chlamydia","2011","West Virginia","54","3,092","328.8"
"Chlamydia","2012","West Virginia","54","3,405","362.3"
"Chlamydia","2013","West Virginia","54","3,624","386.4"
"Chlamydia","2014","West Virginia","54","3,356","358.6"
"Chlamydia","2015","West Virginia","54","3,449","370.4"
"Chlamydia","2016","West Virginia","54","3,330","359.8"
"Chlamydia","2017","West Virginia","54","2,775","302.4"
"Chlamydia","2018","West Virginia","54","2,374","260.6"
"Chlamydia","2008","Wisconsin","55","15,229","538.0"
"Chlamydia","2009","Wisconsin","55","15,038","529.2"
"Chlamydia","2011","Wisconsin","55","17,402","605.6"
"Chlamydia","2012","Wisconsin","55","16,727","580.8"
"Chlamydia","2013","Wisconsin","55","16,448","569.6"
"Chlamydia","2014","Wisconsin","55","16,063","555.0"
"Chlamydia","2015","Wisconsin","55","16,660","575.0"
"Chlamydia","2016","Wisconsin","55","18,382","633.3"
"Chlamydia","2017","Wisconsin","55","18,667","641.3"
"Chlamydia","2018","Wisconsin","55","18,617","638.0"
"Chlamydia","2008","Wyoming","56","1,011","386.4"
"Chlamydia","2009","Wyoming","56","1,187","444.7"
"Chlamydia","2010","Wyoming","56","1,305","471.6"
"Chlamydia","2011","Wyoming","56","1,357","488.1"
"Chlamydia","2012","Wyoming","56","1,492","529.0"
"Chlamydia","2013","Wyoming","56","1,387","486.9"
"Chlamydia","2014","Wyoming","56","1,352","474.2"
"Chlamydia","2015","Wyoming","56","1,387","484.3"
"Chlamydia","2016","Wyoming","56","1,356","474.4"
"Chlamydia","2017","Wyoming","56","1,399","493.2"
"Chlamydia","2018","Wyoming","56","1,422","501.9"
