"Date Printed: Monday, April 13, 2026 4:06:03 PM"
Title: "Primary and Secondary Syphilis | 2008 | 2009 | 2010 | 2011 | 2012 | 2013 | 2014 | 2015 | 2016 | 2017 | 2018 | Alabama | Alaska | Arizona | Arkansas | California | Colorado | Connecticut | Delaware | District of Columbia | Florida | Georgia | Hawaii | Idaho | Illinois | Indiana | Iowa | Kansas | Kentucky | Louisiana | Maine | Maryland | Massachusetts | Michigan | Minnesota | Mississippi | Missouri | Montana | Nebraska | Nevada | New Hampshire | New Jersey | New Mexico | New York | North Carolina | North Dakota | Ohio | Oklahoma | Oregon | Pennsylvania | Rhode Island | South Carolina | South Dakota | Tennessee | Texas | Utah | Vermont | Virginia | Washington | West Virginia | Wisconsin | Wyoming | All races/ethnicities | Both sexes | All age groups | All transmission categories""
Footnote(s): 
   NA - Not Applicable.



Indicator,Year,Geography,FIPS,Cases,Rate per 100000
"Primary and Secondary Syphilis","2018","Alabama","01","477","9.8"
"Primary and Secondary Syphilis","2018","Alaska","02","55","7.5"
"Primary and Secondary Syphilis","2018","Arizona","04","1,047","14.6"
"Primary and Secondary Syphilis","2018","Arkansas","05","288","9.6"
"Primary and Secondary Syphilis","2018","California","06","7,607","19.3"
"Primary and Secondary Syphilis","2018","Colorado","08","337","5.9"
"Primary and Secondary Syphilis","2018","Connecticut","09","91","2.5"
"Primary and Secondary Syphilis","2018","Delaware","10","30","3.1"
"Primary and Secondary Syphilis","2018","District of Columbia","11","279","39.8"
"Primary and Secondary Syphilis","2018","Florida","12","2,880","13.6"
"Primary and Secondary Syphilis","2018","Georgia","13","1,607","15.3"
"Primary and Secondary Syphilis","2018","Hawaii","15","92","6.5"
"Primary and Secondary Syphilis","2018","Idaho","16","46","2.6"
"Primary and Secondary Syphilis","2018","Illinois","17","1,408","11.1"
"Primary and Secondary Syphilis","2018","Indiana","18","367","5.5"
"Primary and Secondary Syphilis","2018","Iowa","19","86","2.7"
"Primary and Secondary Syphilis","2018","Kansas","20","152","5.2"
"Primary and Secondary Syphilis","2018","Kentucky","21","366","8.2"
"Primary and Secondary Syphilis","2018","Louisiana","22","669","14.4"
"Primary and Secondary Syphilis","2018","Maine","23","74","5.5"
"Primary and Secondary Syphilis","2018","Maryland","24","737","12.2"
"Primary and Secondary Syphilis","2018","Massachusetts","25","552","8.0"
"Primary and Secondary Syphilis","2018","Michigan","26","649","6.5"
"Primary and Secondary Syphilis","2018","Minnesota","27","292","5.2"
"Primary and Secondary Syphilis","2018","Mississippi","28","464","15.6"
"Primary and Secondary Syphilis","2018","Missouri","29","806","13.2"
"Primary and Secondary Syphilis","2018","Montana","30","45","4.2"
"Primary and Secondary Syphilis","2018","Nebraska","31","119","6.2"
"Primary and Secondary Syphilis","2018","Nevada","32","682","22.5"
"Primary and Secondary Syphilis","2018","New Hampshire","33","64","4.7"
"Primary and Secondary Syphilis","2018","New Jersey","34","570","6.4"
"Primary and Secondary Syphilis","2018","New Mexico","35","304","14.5"
"Primary and Secondary Syphilis","2018","New York","36","2,654","13.6"
"Primary and Secondary Syphilis","2018","North Carolina","37","1,098","10.6"
"Primary and Secondary Syphilis","2018","North Dakota","38","41","5.4"
"Primary and Secondary Syphilis","2018","Ohio","39","740","6.3"
"Primary and Secondary Syphilis","2018","Oklahoma","40","531","13.5"
"Primary and Secondary Syphilis","2018","Oregon","41","424","10.1"
"Primary and Secondary Syphilis","2018","Pennsylvania","42","797","6.2"
"Primary and Secondary Syphilis","2018","Rhode Island","44","96","9.1"
"Primary and Secondary Syphilis","2018","South Carolina","45","384","7.6"
"Primary and Secondary Syphilis","2018","South Dakota","46","41","4.7"
"Primary and Secondary Syphilis","2018","Tennessee","47","553","8.2"
"Primary and Secondary Syphilis","2018","Texas","48","2,538","8.9"
"Primary and Secondary Syphilis","2018","Utah","49","169","5.4"
"Primary and Secondary Syphilis","2018","Vermont","50","11","1.8"
"Primary and Secondary Syphilis","2018","Virginia","51","702","8.3"
"Primary and Secondary Syphilis","2018","Washington","53","802","10.7"
"Primary and Secondary Syphilis","2018","West Virginia","54","65","3.6"
"Primary and Secondary Syphilis","2018","Wisconsin","55","152","2.6"
"Primary and Secondary Syphilis","2018","Wyoming","56","23","4.0"
"Primary and Secondary Syphilis","2017","Alabama","01","424","8.7"
"Primary and Secondary Syphilis","2017","Alaska","02","13","1.8"
"Primary and Secondary Syphilis","2017","Arizona","04","943","13.4"
"Primary and Secondary Syphilis","2017","Arkansas","05","234","7.8"
"Primary and Secondary Syphilis","2017","California","06","6,708","17.0"
"Primary and Secondary Syphilis","2017","Colorado","08","292","5.2"
"Primary and Secondary Syphilis","2017","Connecticut","09","110","3.1"
"Primary and Secondary Syphilis","2017","Delaware","10","57","6.0"
"Primary and Secondary Syphilis","2017","District of Columbia","11","274","39.4"
"Primary and Secondary Syphilis","2017","Florida","12","2,390","11.4"
"Primary and Secondary Syphilis","2017","Georgia","13","1,489","14.3"
"Primary and Secondary Syphilis","2017","Hawaii","15","94","6.6"
"Primary and Secondary Syphilis","2017","Idaho","16","64","3.7"
"Primary and Secondary Syphilis","2017","Illinois","17","1,225","9.6"
"Primary and Secondary Syphilis","2017","Indiana","18","319","4.8"
"Primary and Secondary Syphilis","2017","Iowa","19","101","3.2"
"Primary and Secondary Syphilis","2017","Kansas","20","133","4.6"
"Primary and Secondary Syphilis","2017","Kentucky","21","262","5.9"
"Primary and Secondary Syphilis","2017","Louisiana","22","679","14.5"
"Primary and Secondary Syphilis","2017","Maine","23","65","4.9"
"Primary and Secondary Syphilis","2017","Maryland","24","573","9.5"
"Primary and Secondary Syphilis","2017","Massachusetts","25","538","7.8"
"Primary and Secondary Syphilis","2017","Michigan","26","480","4.8"
"Primary and Secondary Syphilis","2017","Minnesota","27","292","5.2"
"Primary and Secondary Syphilis","2017","Mississippi","28","310","10.4"
"Primary and Secondary Syphilis","2017","Missouri","29","507","8.3"
"Primary and Secondary Syphilis","2017","Montana","30","48","4.6"
"Primary and Secondary Syphilis","2017","Nebraska","31","43","2.2"
"Primary and Secondary Syphilis","2017","Nevada","32","587","19.8"
"Primary and Secondary Syphilis","2017","New Hampshire","33","43","3.2"
"Primary and Secondary Syphilis","2017","New Jersey","34","499","5.6"
"Primary and Secondary Syphilis","2017","New Mexico","35","193","9.2"
"Primary and Secondary Syphilis","2017","New York","36","2,355","12.0"
"Primary and Secondary Syphilis","2017","North Carolina","37","1,138","11.1"
"Primary and Secondary Syphilis","2017","North Dakota","38","44","5.8"
"Primary and Secondary Syphilis","2017","Ohio","39","832","7.1"
"Primary and Secondary Syphilis","2017","Oklahoma","40","373","9.5"
"Primary and Secondary Syphilis","2017","Oregon","41","352","8.5"
"Primary and Secondary Syphilis","2017","Pennsylvania","42","793","6.2"
"Primary and Secondary Syphilis","2017","Rhode Island","44","71","6.7"
"Primary and Secondary Syphilis","2017","South Carolina","45","361","7.2"
"Primary and Secondary Syphilis","2017","South Dakota","46","33","3.8"
"Primary and Secondary Syphilis","2017","Tennessee","47","488","7.3"
"Primary and Secondary Syphilis","2017","Texas","48","2,233","7.9"
"Primary and Secondary Syphilis","2017","Utah","49","117","3.8"
"Primary and Secondary Syphilis","2017","Vermont","50","13","2.1"
"Primary and Secondary Syphilis","2017","Virginia","51","536","6.3"
"Primary and Secondary Syphilis","2017","Washington","53","677","9.1"
"Primary and Secondary Syphilis","2017","West Virginia","54","62","3.4"
"Primary and Secondary Syphilis","2017","Wisconsin","55","173","3.0"
"Primary and Secondary Syphilis","2017","Wyoming","56","4","0.7"
"Primary and Secondary Syphilis","2016","Alabama","01","376","7.7"
"Primary and Secondary Syphilis","2016","Alaska","02","8","1.1"
"Primary and Secondary Syphilis","2016","Arizona","04","721","10.4"
"Primary and Secondary Syphilis","2016","Arkansas","05","150","5.0"
"Primary and Secondary Syphilis","2016","California","06","5,891","15.0"
"Primary and Secondary Syphilis","2016","Colorado","08","250","4.5"
"Primary and Secondary Syphilis","2016","Connecticut","09","110","3.1"
"Primary and Secondary Syphilis","2016","Delaware","10","58","6.1"
"Primary and Secondary Syphilis","2016","District of Columbia","11","161","23.5"
"Primary and Secondary Syphilis","2016","Florida","12","2,406","11.7"
"Primary and Secondary Syphilis","2016","Georgia","13","1,350","13.1"
"Primary and Secondary Syphilis","2016","Hawaii","15","112","7.8"
"Primary and Secondary Syphilis","2016","Idaho","16","50","3.0"
"Primary and Secondary Syphilis","2016","Illinois","17","1,260","9.8"
"Primary and Secondary Syphilis","2016","Indiana","18","326","4.9"
"Primary and Secondary Syphilis","2016","Iowa","19","89","2.8"
"Primary and Secondary Syphilis","2016","Kansas","20","124","4.3"
"Primary and Secondary Syphilis","2016","Kentucky","21","219","4.9"
"Primary and Secondary Syphilis","2016","Louisiana","22","750","16.0"
"Primary and Secondary Syphilis","2016","Maine","23","42","3.2"
"Primary and Secondary Syphilis","2016","Maryland","24","509","8.5"
"Primary and Secondary Syphilis","2016","Massachusetts","25","489","7.2"
"Primary and Secondary Syphilis","2016","Michigan","26","365","3.7"
"Primary and Secondary Syphilis","2016","Minnesota","27","306","5.5"
"Primary and Secondary Syphilis","2016","Mississippi","28","326","10.9"
"Primary and Secondary Syphilis","2016","Missouri","29","400","6.6"
"Primary and Secondary Syphilis","2016","Montana","30","14","1.3"
"Primary and Secondary Syphilis","2016","Nebraska","31","67","3.5"
"Primary and Secondary Syphilis","2016","Nevada","32","444","15.2"
"Primary and Secondary Syphilis","2016","New Hampshire","33","40","3.0"
"Primary and Secondary Syphilis","2016","New Jersey","34","472","5.3"
"Primary and Secondary Syphilis","2016","New Mexico","35","189","9.0"
"Primary and Secondary Syphilis","2016","New York","36","2,455","12.5"
"Primary and Secondary Syphilis","2016","North Carolina","37","1,082","10.7"
"Primary and Secondary Syphilis","2016","North Dakota","38","33","4.4"
"Primary and Secondary Syphilis","2016","Ohio","39","716","6.2"
"Primary and Secondary Syphilis","2016","Oklahoma","40","264","6.7"
"Primary and Secondary Syphilis","2016","Oregon","41","327","8.0"
"Primary and Secondary Syphilis","2016","Pennsylvania","42","755","5.9"
"Primary and Secondary Syphilis","2016","Rhode Island","44","90","8.5"
"Primary and Secondary Syphilis","2016","South Carolina","45","316","6.4"
"Primary and Secondary Syphilis","2016","South Dakota","46","26","3.0"
"Primary and Secondary Syphilis","2016","Tennessee","47","390","5.9"
"Primary and Secondary Syphilis","2016","Texas","48","1,955","7.0"
"Primary and Secondary Syphilis","2016","Utah","49","92","3.0"
"Primary and Secondary Syphilis","2016","Vermont","50","23","3.7"
"Primary and Secondary Syphilis","2016","Virginia","51","459","5.5"
"Primary and Secondary Syphilis","2016","Washington","53","565","7.7"
"Primary and Secondary Syphilis","2016","West Virginia","54","53","2.9"
"Primary and Secondary Syphilis","2016","Wisconsin","55","132","2.3"
"Primary and Secondary Syphilis","2016","Wyoming","56","7","1.2"
"Primary and Secondary Syphilis","2015","Alabama","01","280","5.8"
"Primary and Secondary Syphilis","2015","Alaska","02","8","1.1"
"Primary and Secondary Syphilis","2015","Arizona","04","589","8.6"
"Primary and Secondary Syphilis","2015","Arkansas","05","134","4.5"
"Primary and Secondary Syphilis","2015","California","06","4,908","12.6"
"Primary and Secondary Syphilis","2015","Colorado","08","245","4.5"
"Primary and Secondary Syphilis","2015","Connecticut","09","92","2.6"
"Primary and Secondary Syphilis","2015","Delaware","10","41","4.4"
"Primary and Secondary Syphilis","2015","District of Columbia","11","95","14.1"
"Primary and Secondary Syphilis","2015","Florida","12","2,083","10.3"
"Primary and Secondary Syphilis","2015","Georgia","13","1,413","13.9"
"Primary and Secondary Syphilis","2015","Hawaii","15","91","6.4"
"Primary and Secondary Syphilis","2015","Idaho","16","57","3.5"
"Primary and Secondary Syphilis","2015","Illinois","17","1,085","8.4"
"Primary and Secondary Syphilis","2015","Indiana","18","285","4.3"
"Primary and Secondary Syphilis","2015","Iowa","19","75","2.4"
"Primary and Secondary Syphilis","2015","Kansas","20","87","3.0"
"Primary and Secondary Syphilis","2015","Kentucky","21","145","3.3"
"Primary and Secondary Syphilis","2015","Louisiana","22","696","14.9"
"Primary and Secondary Syphilis","2015","Maine","23","28","2.1"
"Primary and Secondary Syphilis","2015","Maryland","24","509","8.5"
"Primary and Secondary Syphilis","2015","Massachusetts","25","418","6.2"
"Primary and Secondary Syphilis","2015","Michigan","26","403","4.1"
"Primary and Secondary Syphilis","2015","Minnesota","27","246","4.5"
"Primary and Secondary Syphilis","2015","Mississippi","28","219","7.3"
"Primary and Secondary Syphilis","2015","Missouri","29","307","5.1"
"Primary and Secondary Syphilis","2015","Montana","30","13","1.3"
"Primary and Secondary Syphilis","2015","Nebraska","31","45","2.4"
"Primary and Secondary Syphilis","2015","Nevada","32","335","11.7"
"Primary and Secondary Syphilis","2015","New Hampshire","33","40","3.0"
"Primary and Secondary Syphilis","2015","New Jersey","34","372","4.2"
"Primary and Secondary Syphilis","2015","New Mexico","35","118","5.6"
"Primary and Secondary Syphilis","2015","New York","36","2,006","10.2"
"Primary and Secondary Syphilis","2015","North Carolina","37","1,196","11.9"
"Primary and Secondary Syphilis","2015","North Dakota","38","11","1.5"
"Primary and Secondary Syphilis","2015","Ohio","39","560","4.8"
"Primary and Secondary Syphilis","2015","Oklahoma","40","209","5.3"
"Primary and Secondary Syphilis","2015","Oregon","41","345","8.6"
"Primary and Secondary Syphilis","2015","Pennsylvania","42","655","5.1"
"Primary and Secondary Syphilis","2015","Rhode Island","44","77","7.3"
"Primary and Secondary Syphilis","2015","South Carolina","45","294","6.0"
"Primary and Secondary Syphilis","2015","South Dakota","46","39","4.6"
"Primary and Secondary Syphilis","2015","Tennessee","47","349","5.3"
"Primary and Secondary Syphilis","2015","Texas","48","1,680","6.1"
"Primary and Secondary Syphilis","2015","Utah","49","65","2.2"
"Primary and Secondary Syphilis","2015","Vermont","50","9","1.4"
"Primary and Secondary Syphilis","2015","Virginia","51","334","4.0"
"Primary and Secondary Syphilis","2015","Washington","53","445","6.2"
"Primary and Secondary Syphilis","2015","West Virginia","54","52","2.8"
"Primary and Secondary Syphilis","2015","Wisconsin","55","79","1.4"
"Primary and Secondary Syphilis","2015","Wyoming","56","5","0.9"
"Primary and Secondary Syphilis","2014","Alabama","01","161","3.3"
"Primary and Secondary Syphilis","2014","Alaska","02","15","2.0"
"Primary and Secondary Syphilis","2014","Arizona","04","577","8.6"
"Primary and Secondary Syphilis","2014","Arkansas","05","121","4.1"
"Primary and Secondary Syphilis","2014","California","06","3,835","9.9"
"Primary and Secondary Syphilis","2014","Colorado","08","186","3.5"
"Primary and Secondary Syphilis","2014","Connecticut","09","86","2.4"
"Primary and Secondary Syphilis","2014","Delaware","10","47","5.0"
"Primary and Secondary Syphilis","2014","District of Columbia","11","116","17.5"
"Primary and Secondary Syphilis","2014","Florida","12","1,740","8.8"
"Primary and Secondary Syphilis","2014","Georgia","13","1,234","12.3"
"Primary and Secondary Syphilis","2014","Hawaii","15","68","4.8"
"Primary and Secondary Syphilis","2014","Idaho","16","12","0.7"
"Primary and Secondary Syphilis","2014","Illinois","17","863","6.7"
"Primary and Secondary Syphilis","2014","Indiana","18","168","2.5"
"Primary and Secondary Syphilis","2014","Iowa","19","72","2.3"
"Primary and Secondary Syphilis","2014","Kansas","20","60","2.1"
"Primary and Secondary Syphilis","2014","Kentucky","21","158","3.6"
"Primary and Secondary Syphilis","2014","Louisiana","22","575","12.4"
"Primary and Secondary Syphilis","2014","Maine","23","16","1.2"
"Primary and Secondary Syphilis","2014","Maryland","24","449","7.5"
"Primary and Secondary Syphilis","2014","Massachusetts","25","301","4.5"
"Primary and Secondary Syphilis","2014","Michigan","26","421","4.2"
"Primary and Secondary Syphilis","2014","Minnesota","27","257","4.7"
"Primary and Secondary Syphilis","2014","Mississippi","28","189","6.3"
"Primary and Secondary Syphilis","2014","Missouri","29","352","5.8"
"Primary and Secondary Syphilis","2014","Montana","30","8","0.8"
"Primary and Secondary Syphilis","2014","Nebraska","31","50","2.7"
"Primary and Secondary Syphilis","2014","Nevada","32","357","12.7"
"Primary and Secondary Syphilis","2014","New Hampshire","33","36","2.7"
"Primary and Secondary Syphilis","2014","New Jersey","34","297","3.4"
"Primary and Secondary Syphilis","2014","New Mexico","35","126","6.0"
"Primary and Secondary Syphilis","2014","New York","36","1,727","8.8"
"Primary and Secondary Syphilis","2014","North Carolina","37","733","7.4"
"Primary and Secondary Syphilis","2014","North Dakota","38","13","1.8"
"Primary and Secondary Syphilis","2014","Ohio","39","568","4.9"
"Primary and Secondary Syphilis","2014","Oklahoma","40","151","3.9"
"Primary and Secondary Syphilis","2014","Oregon","41","272","6.9"
"Primary and Secondary Syphilis","2014","Pennsylvania","42","532","4.2"
"Primary and Secondary Syphilis","2014","Rhode Island","44","71","6.7"
"Primary and Secondary Syphilis","2014","South Carolina","45","250","5.2"
"Primary and Secondary Syphilis","2014","South Dakota","46","53","6.2"
"Primary and Secondary Syphilis","2014","Tennessee","47","237","3.6"
"Primary and Secondary Syphilis","2014","Texas","48","1,636","6.1"
"Primary and Secondary Syphilis","2014","Utah","49","47","1.6"
"Primary and Secondary Syphilis","2014","Vermont","50","5","0.8"
"Primary and Secondary Syphilis","2014","Virginia","51","289","3.5"
"Primary and Secondary Syphilis","2014","Washington","53","344","4.9"
"Primary and Secondary Syphilis","2014","West Virginia","54","28","1.5"
"Primary and Secondary Syphilis","2014","Wisconsin","55","86","1.5"
"Primary and Secondary Syphilis","2014","Wyoming","56","4","0.7"
"Primary and Secondary Syphilis","2013","Alabama","01","183","3.8"
"Primary and Secondary Syphilis","2013","Alaska","02","23","3.1"
"Primary and Secondary Syphilis","2013","Arizona","04","287","4.3"
"Primary and Secondary Syphilis","2013","Arkansas","05","177","6.0"
"Primary and Secondary Syphilis","2013","California","06","3,532","9.2"
"Primary and Secondary Syphilis","2013","Colorado","08","163","3.1"
"Primary and Secondary Syphilis","2013","Connecticut","09","56","1.6"
"Primary and Secondary Syphilis","2013","Delaware","10","52","5.6"
"Primary and Secondary Syphilis","2013","District of Columbia","11","168","25.8"
"Primary and Secondary Syphilis","2013","Florida","12","1,513","7.7"
"Primary and Secondary Syphilis","2013","Georgia","13","1,017","10.2"
"Primary and Secondary Syphilis","2013","Hawaii","15","46","3.3"
"Primary and Secondary Syphilis","2013","Idaho","16","15","0.9"
"Primary and Secondary Syphilis","2013","Illinois","17","798","6.2"
"Primary and Secondary Syphilis","2013","Indiana","18","215","3.3"
"Primary and Secondary Syphilis","2013","Iowa","19","106","3.4"
"Primary and Secondary Syphilis","2013","Kansas","20","51","1.8"
"Primary and Secondary Syphilis","2013","Kentucky","21","122","2.8"
"Primary and Secondary Syphilis","2013","Louisiana","22","423","9.1"
"Primary and Secondary Syphilis","2013","Maine","23","10","0.8"
"Primary and Secondary Syphilis","2013","Maryland","24","456","7.7"
"Primary and Secondary Syphilis","2013","Massachusetts","25","360","5.4"
"Primary and Secondary Syphilis","2013","Michigan","26","487","4.9"
"Primary and Secondary Syphilis","2013","Minnesota","27","193","3.6"
"Primary and Secondary Syphilis","2013","Mississippi","28","78","2.6"
"Primary and Secondary Syphilis","2013","Missouri","29","251","4.2"
"Primary and Secondary Syphilis","2013","Montana","30","5","0.5"
"Primary and Secondary Syphilis","2013","Nebraska","31","41","2.2"
"Primary and Secondary Syphilis","2013","Nevada","32","205","7.4"
"Primary and Secondary Syphilis","2013","New Hampshire","33","28","2.1"
"Primary and Secondary Syphilis","2013","New Jersey","34","233","2.6"
"Primary and Secondary Syphilis","2013","New Mexico","35","78","3.7"
"Primary and Secondary Syphilis","2013","New York","36","1,459","7.4"
"Primary and Secondary Syphilis","2013","North Carolina","37","404","4.1"
"Primary and Secondary Syphilis","2013","North Dakota","38","12","1.7"
"Primary and Secondary Syphilis","2013","Ohio","39","436","3.8"
"Primary and Secondary Syphilis","2013","Oklahoma","40","118","3.1"
"Primary and Secondary Syphilis","2013","Oregon","41","267","6.8"
"Primary and Secondary Syphilis","2013","Pennsylvania","42","471","3.7"
"Primary and Secondary Syphilis","2013","Rhode Island","44","45","4.3"
"Primary and Secondary Syphilis","2013","South Carolina","45","271","5.7"
"Primary and Secondary Syphilis","2013","South Dakota","46","44","5.2"
"Primary and Secondary Syphilis","2013","Tennessee","47","214","3.3"
"Primary and Secondary Syphilis","2013","Texas","48","1,475","5.6"
"Primary and Secondary Syphilis","2013","Utah","49","74","2.6"
"Primary and Secondary Syphilis","2013","Vermont","50","3","0.5"
"Primary and Secondary Syphilis","2013","Virginia","51","315","3.8"
"Primary and Secondary Syphilis","2013","Washington","53","284","4.1"
"Primary and Secondary Syphilis","2013","West Virginia","54","15","0.8"
"Primary and Secondary Syphilis","2013","Wisconsin","55","95","1.7"
"Primary and Secondary Syphilis","2013","Wyoming","56","1","0.2"
"Primary and Secondary Syphilis","2012","Alabama","01","216","4.5"
"Primary and Secondary Syphilis","2012","Alaska","02","11","1.5"
"Primary and Secondary Syphilis","2012","Arizona","04","202","3.1"
"Primary and Secondary Syphilis","2012","Arkansas","05","173","5.9"
"Primary and Secondary Syphilis","2012","California","06","2,953","7.8"
"Primary and Secondary Syphilis","2012","Colorado","08","208","4.0"
"Primary and Secondary Syphilis","2012","Connecticut","09","55","1.5"
"Primary and Secondary Syphilis","2012","Delaware","10","38","4.2"
"Primary and Secondary Syphilis","2012","District of Columbia","11","165","26.0"
"Primary and Secondary Syphilis","2012","Florida","12","1,369","7.1"
"Primary and Secondary Syphilis","2012","Georgia","13","937","9.5"
"Primary and Secondary Syphilis","2012","Hawaii","15","23","1.6"
"Primary and Secondary Syphilis","2012","Idaho","16","26","1.6"
"Primary and Secondary Syphilis","2012","Illinois","17","804","6.2"
"Primary and Secondary Syphilis","2012","Indiana","18","224","3.4"
"Primary and Secondary Syphilis","2012","Iowa","19","70","2.3"
"Primary and Secondary Syphilis","2012","Kansas","20","24","0.8"
"Primary and Secondary Syphilis","2012","Kentucky","21","150","3.4"
"Primary and Secondary Syphilis","2012","Louisiana","22","339","7.4"
"Primary and Secondary Syphilis","2012","Maine","23","17","1.3"
"Primary and Secondary Syphilis","2012","Maryland","24","431","7.3"
"Primary and Secondary Syphilis","2012","Massachusetts","25","316","4.7"
"Primary and Secondary Syphilis","2012","Michigan","26","295","3.0"
"Primary and Secondary Syphilis","2012","Minnesota","27","118","2.2"
"Primary and Secondary Syphilis","2012","Mississippi","28","150","5.0"
"Primary and Secondary Syphilis","2012","Missouri","29","157","2.6"
"Primary and Secondary Syphilis","2012","Montana","30","2","0.2"
"Primary and Secondary Syphilis","2012","Nebraska","31","8","0.4"
"Primary and Secondary Syphilis","2012","Nevada","32","113","4.1"
"Primary and Secondary Syphilis","2012","New Hampshire","33","36","2.7"
"Primary and Secondary Syphilis","2012","New Jersey","34","229","2.6"
"Primary and Secondary Syphilis","2012","New Mexico","35","101","4.8"
"Primary and Secondary Syphilis","2012","New York","36","1,224","6.3"
"Primary and Secondary Syphilis","2012","North Carolina","37","347","3.6"
"Primary and Secondary Syphilis","2012","North Dakota","38","4","0.6"
"Primary and Secondary Syphilis","2012","Ohio","39","425","3.7"
"Primary and Secondary Syphilis","2012","Oklahoma","40","83","2.2"
"Primary and Secondary Syphilis","2012","Oregon","41","212","5.4"
"Primary and Secondary Syphilis","2012","Pennsylvania","42","494","3.9"
"Primary and Secondary Syphilis","2012","Rhode Island","44","44","4.2"
"Primary and Secondary Syphilis","2012","South Carolina","45","225","4.8"
"Primary and Secondary Syphilis","2012","South Dakota","46","18","2.2"
"Primary and Secondary Syphilis","2012","Tennessee","47","266","4.1"
"Primary and Secondary Syphilis","2012","Texas","48","1,627","6.2"
"Primary and Secondary Syphilis","2012","Utah","49","42","1.5"
"Primary and Secondary Syphilis","2012","Vermont","50","6","1.0"
"Primary and Secondary Syphilis","2012","Virginia","51","285","3.5"
"Primary and Secondary Syphilis","2012","Washington","53","302","4.4"
"Primary and Secondary Syphilis","2012","West Virginia","54","8","0.4"
"Primary and Secondary Syphilis","2012","Wisconsin","55","91","1.6"
"Primary and Secondary Syphilis","2012","Wyoming","56","4","0.7"
"Primary and Secondary Syphilis","2011","Alabama","01","228","4.8"
"Primary and Secondary Syphilis","2011","Alaska","02","5","0.7"
"Primary and Secondary Syphilis","2011","Arizona","04","274","4.2"
"Primary and Secondary Syphilis","2011","Arkansas","05","182","6.2"
"Primary and Secondary Syphilis","2011","California","06","2,443","6.5"
"Primary and Secondary Syphilis","2011","Colorado","08","133","2.6"
"Primary and Secondary Syphilis","2011","Connecticut","09","65","1.8"
"Primary and Secondary Syphilis","2011","Delaware","10","27","3.0"
"Primary and Secondary Syphilis","2011","District of Columbia","11","165","26.6"
"Primary and Secondary Syphilis","2011","Florida","12","1,257","6.6"
"Primary and Secondary Syphilis","2011","Georgia","13","678","6.9"
"Primary and Secondary Syphilis","2011","Hawaii","15","14","1.0"
"Primary and Secondary Syphilis","2011","Idaho","16","13","0.8"
"Primary and Secondary Syphilis","2011","Illinois","17","881","6.8"
"Primary and Secondary Syphilis","2011","Indiana","18","173","2.7"
"Primary and Secondary Syphilis","2011","Iowa","19","20","0.7"
"Primary and Secondary Syphilis","2011","Kansas","20","24","0.8"
"Primary and Secondary Syphilis","2011","Kentucky","21","129","3.0"
"Primary and Secondary Syphilis","2011","Louisiana","22","447","9.8"
"Primary and Secondary Syphilis","2011","Maine","23","12","0.9"
"Primary and Secondary Syphilis","2011","Maryland","24","452","7.7"
"Primary and Secondary Syphilis","2011","Massachusetts","25","266","4.0"
"Primary and Secondary Syphilis","2011","Michigan","26","286","2.9"
"Primary and Secondary Syphilis","2011","Minnesota","27","139","2.6"
"Primary and Secondary Syphilis","2011","Mississippi","28","191","6.4"
"Primary and Secondary Syphilis","2011","Missouri","29","136","2.3"
"Primary and Secondary Syphilis","2011","Montana","30","7","0.7"
"Primary and Secondary Syphilis","2011","Nebraska","31","10","0.5"
"Primary and Secondary Syphilis","2011","Nevada","32","136","5.0"
"Primary and Secondary Syphilis","2011","New Hampshire","33","18","1.4"
"Primary and Secondary Syphilis","2011","New Jersey","34","232","2.6"
"Primary and Secondary Syphilis","2011","New Mexico","35","71","3.4"
"Primary and Secondary Syphilis","2011","New York","36","1,083","5.6"
"Primary and Secondary Syphilis","2011","North Carolina","37","431","4.5"
"Primary and Secondary Syphilis","2011","North Dakota","38","1","0.1"
"Primary and Secondary Syphilis","2011","Ohio","39","440","3.8"
"Primary and Secondary Syphilis","2011","Oklahoma","40","84","2.2"
"Primary and Secondary Syphilis","2011","Oregon","41","97","2.5"
"Primary and Secondary Syphilis","2011","Pennsylvania","42","373","2.9"
"Primary and Secondary Syphilis","2011","Rhode Island","44","46","4.4"
"Primary and Secondary Syphilis","2011","South Carolina","45","221","4.7"
"Primary and Secondary Syphilis","2011","South Dakota","46","0","0.0"
"Primary and Secondary Syphilis","2011","Tennessee","47","278","4.3"
"Primary and Secondary Syphilis","2011","Texas","48","1,169","4.6"
"Primary and Secondary Syphilis","2011","Utah","49","14","0.5"
"Primary and Secondary Syphilis","2011","Vermont","50","9","1.4"
"Primary and Secondary Syphilis","2011","Virginia","51","213","2.6"
"Primary and Secondary Syphilis","2011","Washington","53","328","4.8"
"Primary and Secondary Syphilis","2011","West Virginia","54","4","0.2"
"Primary and Secondary Syphilis","2011","Wisconsin","55","65","1.1"
"Primary and Secondary Syphilis","2011","Wyoming","56","0","0.0"
"Primary and Secondary Syphilis","2010","Alabama","01","260","5.4"
"Primary and Secondary Syphilis","2010","Alaska","02","3","0.4"
"Primary and Secondary Syphilis","2010","Arizona","04","230","3.6"
"Primary and Secondary Syphilis","2010","Arkansas","05","205","7.0"
"Primary and Secondary Syphilis","2010","California","06","2,065","5.5"
"Primary and Secondary Syphilis","2010","Colorado","08","138","2.7"
"Primary and Secondary Syphilis","2010","Connecticut","09","98","2.7"
"Primary and Secondary Syphilis","2010","Delaware","10","9","1.0"
"Primary and Secondary Syphilis","2010","District of Columbia","11","134","22.1"
"Primary and Secondary Syphilis","2010","Florida","12","1,184","6.3"
"Primary and Secondary Syphilis","2010","Georgia","13","795","8.2"
"Primary and Secondary Syphilis","2010","Hawaii","15","35","2.6"
"Primary and Secondary Syphilis","2010","Idaho","16","6","0.4"
"Primary and Secondary Syphilis","2010","Illinois","17","908","7.1"
"Primary and Secondary Syphilis","2010","Indiana","18","175","2.7"
"Primary and Secondary Syphilis","2010","Iowa","19","19","0.6"
"Primary and Secondary Syphilis","2010","Kansas","20","19","0.7"
"Primary and Secondary Syphilis","2010","Kentucky","21","139","3.2"
"Primary and Secondary Syphilis","2010","Louisiana","22","546","12.0"
"Primary and Secondary Syphilis","2010","Maine","23","32","2.4"
"Primary and Secondary Syphilis","2010","Maryland","24","328","5.7"
"Primary and Secondary Syphilis","2010","Massachusetts","25","285","4.3"
"Primary and Secondary Syphilis","2010","Michigan","26","235","2.4"
"Primary and Secondary Syphilis","2010","Minnesota","27","149","2.8"
"Primary and Secondary Syphilis","2010","Mississippi","28","228","7.7"
"Primary and Secondary Syphilis","2010","Missouri","29","152","2.5"
"Primary and Secondary Syphilis","2010","Montana","30","3","0.3"
"Primary and Secondary Syphilis","2010","Nebraska","31","12","0.7"
"Primary and Secondary Syphilis","2010","Nevada","32","130","4.8"
"Primary and Secondary Syphilis","2010","New Hampshire","33","22","1.7"
"Primary and Secondary Syphilis","2010","New Jersey","34","244","2.8"
"Primary and Secondary Syphilis","2010","New Mexico","35","53","2.6"
"Primary and Secondary Syphilis","2010","New York","36","1,098","5.7"
"Primary and Secondary Syphilis","2010","North Carolina","37","396","4.1"
"Primary and Secondary Syphilis","2010","North Dakota","38","3","0.4"
"Primary and Secondary Syphilis","2010","Ohio","39","528","4.6"
"Primary and Secondary Syphilis","2010","Oklahoma","40","92","2.4"
"Primary and Secondary Syphilis","2010","Oregon","41","71","1.9"
"Primary and Secondary Syphilis","2010","Pennsylvania","42","369","2.9"
"Primary and Secondary Syphilis","2010","Rhode Island","44","41","3.9"
"Primary and Secondary Syphilis","2010","South Carolina","45","155","3.3"
"Primary and Secondary Syphilis","2010","South Dakota","46","4","0.5"
"Primary and Secondary Syphilis","2010","Tennessee","47","277","4.4"
"Primary and Secondary Syphilis","2010","Texas","48","1,230","4.9"
"Primary and Secondary Syphilis","2010","Utah","49","65","2.3"
"Primary and Secondary Syphilis","2010","Vermont","50","4","0.6"
"Primary and Secondary Syphilis","2010","Virginia","51","279","3.5"
"Primary and Secondary Syphilis","2010","Washington","53","266","3.9"
"Primary and Secondary Syphilis","2010","West Virginia","54","6","0.3"
"Primary and Secondary Syphilis","2010","Wisconsin","55","49","0.9"
"Primary and Secondary Syphilis","2010","Wyoming","56","0","0.0"
"Primary and Secondary Syphilis","2009","Alabama","01","417","8.9"
"Primary and Secondary Syphilis","2009","Alaska","02","0","0.0"
"Primary and Secondary Syphilis","2009","Arizona","04","231","3.5"
"Primary and Secondary Syphilis","2009","Arkansas","05","275","9.5"
"Primary and Secondary Syphilis","2009","California","06","1,900","5.2"
"Primary and Secondary Syphilis","2009","Colorado","08","105","2.1"
"Primary and Secondary Syphilis","2009","Connecticut","09","65","1.8"
"Primary and Secondary Syphilis","2009","Delaware","10","27","3.1"
"Primary and Secondary Syphilis","2009","District of Columbia","11","163","27.2"
"Primary and Secondary Syphilis","2009","Florida","12","1,041","5.6"
"Primary and Secondary Syphilis","2009","Georgia","13","953","9.7"
"Primary and Secondary Syphilis","2009","Hawaii","15","33","2.6"
"Primary and Secondary Syphilis","2009","Idaho","16","3","0.2"
"Primary and Secondary Syphilis","2009","Illinois","17","750","5.8"
"Primary and Secondary Syphilis","2009","Indiana","18","158","2.5"
"Primary and Secondary Syphilis","2009","Iowa","19","23","0.8"
"Primary and Secondary Syphilis","2009","Kansas","20","32","1.1"
"Primary and Secondary Syphilis","2009","Kentucky","21","92","2.1"
"Primary and Secondary Syphilis","2009","Louisiana","22","741","16.5"
"Primary and Secondary Syphilis","2009","Maine","23","4","0.3"
"Primary and Secondary Syphilis","2009","Maryland","24","314","5.5"
"Primary and Secondary Syphilis","2009","Massachusetts","25","238","3.6"
"Primary and Secondary Syphilis","2009","Michigan","26","230","2.3"
"Primary and Secondary Syphilis","2009","Minnesota","27","71","1.3"
"Primary and Secondary Syphilis","2009","Mississippi","28","237","8.0"
"Primary and Secondary Syphilis","2009","Missouri","29","173","2.9"
"Primary and Secondary Syphilis","2009","Montana","30","4","0.4"
"Primary and Secondary Syphilis","2009","Nebraska","31","5","0.3"
"Primary and Secondary Syphilis","2009","Nevada","32","91","3.4"
"Primary and Secondary Syphilis","2009","New Hampshire","33","14","1.1"
"Primary and Secondary Syphilis","2009","New Jersey","34","212","2.4"
"Primary and Secondary Syphilis","2009","New Mexico","35","61","3.0"
"Primary and Secondary Syphilis","2009","New York","36","1,182","6.1"
"Primary and Secondary Syphilis","2009","North Carolina","37","579","6.2"
"Primary and Secondary Syphilis","2009","North Dakota","38","4","0.6"
"Primary and Secondary Syphilis","2009","Ohio","39","360","3.1"
"Primary and Secondary Syphilis","2009","Oklahoma","40","97","2.6"
"Primary and Secondary Syphilis","2009","Oregon","41","57","1.5"
"Primary and Secondary Syphilis","2009","Pennsylvania","42","341","2.7"
"Primary and Secondary Syphilis","2009","Rhode Island","44","20","1.9"
"Primary and Secondary Syphilis","2009","South Carolina","45","123","2.7"
"Primary and Secondary Syphilis","2009","South Dakota","46","0","0.0"
"Primary and Secondary Syphilis","2009","Tennessee","47","403","6.4"
"Primary and Secondary Syphilis","2009","Texas","48","1,644","6.6"
"Primary and Secondary Syphilis","2009","Utah","49","31","1.1"
"Primary and Secondary Syphilis","2009","Vermont","50","0","0.0"
"Primary and Secondary Syphilis","2009","Virginia","51","299","3.8"
"Primary and Secondary Syphilis","2009","Washington","53","139","2.1"
"Primary and Secondary Syphilis","2009","West Virginia","54","8","0.4"
"Primary and Secondary Syphilis","2009","Wisconsin","55","44","0.8"
"Primary and Secondary Syphilis","2009","Wyoming","56","3","0.6"
"Primary and Secondary Syphilis","2008","Alabama","01","449","9.6"
"Primary and Secondary Syphilis","2008","Alaska","02","1","0.1"
"Primary and Secondary Syphilis","2008","Arizona","04","317","4.9"
"Primary and Secondary Syphilis","2008","Arkansas","05","206","7.2"
"Primary and Secondary Syphilis","2008","California","06","2,204","6.0"
"Primary and Secondary Syphilis","2008","Colorado","08","128","2.6"
"Primary and Secondary Syphilis","2008","Connecticut","09","34","1.0"
"Primary and Secondary Syphilis","2008","Delaware","10","16","1.8"
"Primary and Secondary Syphilis","2008","District of Columbia","11","146","24.7"
"Primary and Secondary Syphilis","2008","Florida","12","1,044","5.7"
"Primary and Secondary Syphilis","2008","Georgia","13","914","9.4"
"Primary and Secondary Syphilis","2008","Hawaii","15","29","2.3"
"Primary and Secondary Syphilis","2008","Idaho","16","7","0.5"
"Primary and Secondary Syphilis","2008","Illinois","17","554","4.3"
"Primary and Secondary Syphilis","2008","Indiana","18","140","2.2"
"Primary and Secondary Syphilis","2008","Iowa","19","16","0.5"
"Primary and Secondary Syphilis","2008","Kansas","20","30","1.1"
"Primary and Secondary Syphilis","2008","Kentucky","21","93","2.2"
"Primary and Secondary Syphilis","2008","Louisiana","22","707","15.9"
"Primary and Secondary Syphilis","2008","Maine","23","10","0.8"
"Primary and Secondary Syphilis","2008","Maryland","24","378","6.7"
"Primary and Secondary Syphilis","2008","Massachusetts","25","216","3.3"
"Primary and Secondary Syphilis","2008","Michigan","26","210","2.1"
"Primary and Secondary Syphilis","2008","Minnesota","27","116","2.2"
"Primary and Secondary Syphilis","2008","Mississippi","28","184","6.3"
"Primary and Secondary Syphilis","2008","Missouri","29","224","3.8"
"Primary and Secondary Syphilis","2008","Montana","30","7","0.7"
"Primary and Secondary Syphilis","2008","Nebraska","31","15","0.8"
"Primary and Secondary Syphilis","2008","Nevada","32","77","2.9"
"Primary and Secondary Syphilis","2008","New Hampshire","33","20","1.5"
"Primary and Secondary Syphilis","2008","New Jersey","34","226","2.6"
"Primary and Secondary Syphilis","2008","New Mexico","35","44","2.2"
"Primary and Secondary Syphilis","2008","New York","36","1,217","6.3"
"Primary and Secondary Syphilis","2008","North Carolina","37","287","3.1"
"Primary and Secondary Syphilis","2008","North Dakota","38","0","0.0"
"Primary and Secondary Syphilis","2008","Ohio","39","351","3.0"
"Primary and Secondary Syphilis","2008","Oklahoma","40","86","2.4"
"Primary and Secondary Syphilis","2008","Oregon","41","26","0.7"
"Primary and Secondary Syphilis","2008","Pennsylvania","42","272","2.2"
"Primary and Secondary Syphilis","2008","Rhode Island","44","18","1.7"
"Primary and Secondary Syphilis","2008","South Carolina","45","98","2.2"
"Primary and Secondary Syphilis","2008","South Dakota","46","1","0.1"
"Primary and Secondary Syphilis","2008","Tennessee","47","413","6.6"
"Primary and Secondary Syphilis","2008","Texas","48","1,405","5.8"
"Primary and Secondary Syphilis","2008","Utah","49","25","0.9"
"Primary and Secondary Syphilis","2008","Vermont","50","11","1.8"
"Primary and Secondary Syphilis","2008","Virginia","51","266","3.4"
"Primary and Secondary Syphilis","2008","Washington","53","181","2.8"
"Primary and Secondary Syphilis","2008","West Virginia","54","13","0.7"
"Primary and Secondary Syphilis","2008","Wisconsin","55","65","1.2"
"Primary and Secondary Syphilis","2008","Wyoming","56","3","0.6"
